Honorific,First name,Last name,Gender,Office type,Address,City,Province,Postal code,Office email,Email,Telephone,Fax,Toll-free,TTY,Riding name,Party,Parliamentary role,Member ID
,Adil,Shamji,Male ,Legislative office,"Room 157
Main Legislative Building, Queen's Park
",Toronto,ON,M7A 1A5,,,416-325-0105,,,,Don Valley East,Ontario Liberal Party,,7593
,Adil,Shamji,Male ,Constituency office,"Suite L02
1200 Lawrence Ave. E
",Toronto,ON,M3A 1C1,ashamji.mpp.co@liberal.ola.org,,416-494-6856,416-494-9937,,,Don Valley East,Ontario Liberal Party,,7593
,Patrice,Barnes,Female ,Ministry office,"Ministry of Education
5th Floor
438 University Ave.
",Toronto,ON,M5G 2K8,,Patrice.Barnes@pc.ola.org,,,,,Ajax,Progressive Conservative Party of Ontario,Parliamentary Assistant to the Minister of Education,7584
,Patrice,Barnes,Female ,Constituency office,"Suite 502
230 Westney Rd. S
",Ajax,ON,L1S 7J5,,Patrice.Barnes@pc.ola.org,905-427-2060,905-427-6976,,,Ajax,Progressive Conservative Party of Ontario,Parliamentary Assistant to the Minister of Education,7584
,Lucille,Collard,Female ,Constituency office,"237 Montreal Rd.
",Vanier,ON,K1L 6C7,LCollard.mpp.co@liberal.ola.org,,613-744-4484,613-744-0889,,,Ottawa—Vanier,Ontario Liberal Party,,7565
,Lucille,Collard,Female ,Legislative office,"Room 165
Main Legislative Building, Queen's Park
",Toronto,ON,M7A 1A5,,,416-325-0007,416-325-0172,,,Ottawa—Vanier,Ontario Liberal Party,,7565
,Stephen,Blais,Male ,Constituency office,"Unit 204
4473 Innes Rd.
",Orleans,ON,K4A 1A7,sblais.mpp.co@liberal.ola.org,,613-834-8679,613-834-7647,,,Orléans,Ontario Liberal Party,,7564
,Stephen,Blais,Male ,Legislative office,"Room 167
Main Legislative Building, Queen's Park
",Toronto,ON,M7A 1A5,,,416-325-0035,,,,Orléans,Ontario Liberal Party,,7564
,Laura Mae,Lindo,Female ,Constituency office,"Suite 500
151 Frederick St.
",Kitchener,ON,N2H 2M2,,LLindo-QP@ndp.on.ca,519-579-5460  ,519-579-2121  ,,,Kitchener Centre,New Democratic Party of Ontario,,7480
,Laura Mae,Lindo,Female ,Legislative office,"Room 463
Main Legislative Building, Queen's Park
",Toronto,ON,M7A 1A5,,LLindo-QP@ndp.on.ca,416-326-7221  ,416-326-7217 ,,,Kitchener Centre,New Democratic Party of Ontario,,7480
Hon.,Stephen,Lecce,Male ,Ministry office,"Ministry of Education
5th Floor
438 University Ave.
",Toronto,ON,M5G 2K8,,Stephen.Lecce@pc.ola.org,416-325-2600,,,,King—Vaughan,Progressive Conservative Party of Ontario,Minister of Education,7479
Hon.,Stephen,Lecce,Male ,Constituency office,"Unit 1
2220 King Rd.
",King City,ON,L7B 1L3,,Stephen.Lecce@pc.ola.org,647-560-9700  ,647-560-9701 ,,,King—Vaughan,Progressive Conservative Party of Ontario,Minister of Education,7479
,Natalia,Kusendova-Bashta,Female ,Ministry office,"Ministry of Francophone Affairs
23rd Floor (temp)
777 Bay St.
",Toronto,ON,M7A 1Z8,,Natalia.Kusendova@pc.ola.org,,,,,Mississauga Centre,Progressive Conservative Party of Ontario,Parliamentary Assistant to the Minister of Francophone Affairs,7489
,Natalia,Kusendova-Bashta,Female ,Constituency office,"Unit 701
50 Burnhamthorpe Road W.
",Mississauga,ON,L5B 3C3,,Natalia.Kusendova@pc.ola.org,905-890-1901,,,,Mississauga Centre,Progressive Conservative Party of Ontario,Parliamentary Assistant to the Minister of Francophone Affairs,7489
,Ric,Bresee,Male ,Ministry office,"Ministry of&nbsp;Natural Resources and Forestry
Whitney Block
Room 6610
99 Wellesley St.
",Toronto,ON,M7A 1W3,,Ric.Bresee@pc.ola.org,,,,,Hastings—Lennox and Addington,Progressive Conservative Party of Ontario,Parliamentary Assistant to the Minister of Natural Resources and Forestry,7601
,Ric,Bresee,Male ,Constituency office,"26A St. Lawrence St. W
P.O. Box 70
",Madoc,ON,K0K 2K0,,Ric.Bresee@pc.ola.org,613-473-1112,613-473-1397,855-229-6676  ,,Hastings—Lennox and Addington,Progressive Conservative Party of Ontario,Parliamentary Assistant to the Minister of Natural Resources and Forestry,7601
,Ric,Bresee,Male ,Constituency office,"113 East St.
",Napanee,ON,K8R 1S5,,Ric.Bresee@pc.ola.org,613-354-3031,613-308-9685  ,,,Hastings—Lennox and Addington,Progressive Conservative Party of Ontario,Parliamentary Assistant to the Minister of Natural Resources and Forestry,7601
,Andrea,Khanjin,Female ,Legislative office,"Room 216
Main Legislative Building, Queen's Park
",Toronto,ON,M7A 1A5,,Andrea.Khanjin@pc.ola.org,,,,,Barrie—Innisfil,Progressive Conservative Party of Ontario,Parliamentary Assistant to the Minister of Intergovernmental Affairs,7448
,Andrea,Khanjin,Female ,Constituency office,"Unit 1
237 Mapleview Dr. E
",Barrie,ON,L4N 0W5,Andrea.Khanjinco@pc.ola.org,Andrea.Khanjin@pc.ola.org,705-722-0575  ,705-722-8835,,,Barrie—Innisfil,Progressive Conservative Party of Ontario,Parliamentary Assistant to the Minister of Intergovernmental Affairs,7448
,Terence,Kernaghan,Male ,Constituency office,"Unit 105
400 York St.
",London,ON,N6B 3N2,TKernaghan-CO@ndp.on.ca,,519-432-7339,519-432-0613  ,,,London North Centre,New Democratic Party of Ontario,,7483
,Terence,Kernaghan,Male ,Legislative office,"Room 362
Main Legislative Building, Queen's Park
",Toronto,ON,M7A 1A8,TKernaghan-QP@ndp.on.ca,,416-326-7568  ,416-326-7580  ,,,London North Centre,New Democratic Party of Ontario,,7483
,Trevor,Jones,Male ,Ministry office,"Ministry of Agriculture, Food and Rural Affairs
11th Floor
77 Grenville St.
",Toronto,ON,M5S 1B3,,Trevor.Jones@pc.ola.org,,,,,Chatham-Kent—Leamington,Progressive Conservative Party of Ontario,"Parliamentary Assistant to the Minister of Agriculture, Food and Rural Affairs",7592
,Trevor,Jones,Male ,Constituency office,"Suite 100
111 Heritage Rd.
",Chatham,ON,N7M 5W7,,Trevor.Jones@pc.ola.org,519-351-0510   ,519-351-7714 ,1-800-265-3992   ,,Chatham-Kent—Leamington,Progressive Conservative Party of Ontario,"Parliamentary Assistant to the Minister of Agriculture, Food and Rural Affairs",7592
,Trevor,Jones,Male ,Constituency office,"Unit B
115 Erie St. N
",Leamington,ON,,,Trevor.Jones@pc.ola.org,519-326-3367 ,519-326-0404   ,,,Chatham-Kent—Leamington,Progressive Conservative Party of Ontario,"Parliamentary Assistant to the Minister of Agriculture, Food and Rural Affairs",7592
,Anthony,Leardi,Male ,Ministry office,"Ministry of&nbsp;Mines
Room 5501
5th Floor
99 Wellesley St. W
",Toronto,ON,M7A 1W3,,Anthony.Leardi@pc.ola.org,,,,,Essex,Progressive Conservative Party of Ontario,Parliamentary Assistant to the Minister of Mines,7597
,Anthony,Leardi,Male ,Constituency office,"310 Thomas Rd.
",Amherstburg,ON,N9V 2Y9,,Anthony.Leardi@pc.ola.org,519-736-1550,,,,Essex,Progressive Conservative Party of Ontario,Parliamentary Assistant to the Minister of Mines,7597
,Rob,Flack,Male ,Ministry office,"Ministry of Agriculture, Food and Rural Affairs
11th Floor
77 Grenville St.
",Toronto,ON,M5S 1B3,,Rob.Flack@pc.ola.org,,,,,Elgin—Middlesex—London,Progressive Conservative Party of Ontario,"Parliamentary Assistant to the Minister of Agriculture, Food and Rural Affairs",7596
,Rob,Flack,Male ,Constituency office,"Suite 201
750 Talbot St.
",St. Thomas,ON,N5P 1E2,,Rob.Flack@pc.ola.org,519-631-5995,519-631-9478,1-800-265-7638,,Elgin—Middlesex—London,Progressive Conservative Party of Ontario,"Parliamentary Assistant to the Minister of Agriculture, Food and Rural Affairs",7596
,Graham,McGregor,Male ,Ministry office,"Ministry of Citizenship and Multiculturalism
15th Floor
56 Wellesley St.
",Toronto,ON,M7A 1C1,,Graham.McGregor@pc.ola.org,,,,,Brampton North,Progressive Conservative Party of Ontario,Parliamentary Assistant to the Minister of Citizenship and Multiculturalism,7588
,Graham,McGregor,Male ,Constituency office,"Unit 7
10215 Kennedy Rd. N
",Brampton,ON,L6Z 0C5,,Graham.McGregor@pc.ola.org,289-298-1049,905-495-1041,,,Brampton North,Progressive Conservative Party of Ontario,Parliamentary Assistant to the Minister of Citizenship and Multiculturalism,7588
,John,Yakabuski,Male ,Ministry office,"Ministry of Environment, Conservation and Parks
5th Floor
777 Bay St.
",Toronto,ON,M5B 2H7,,John.Yakabuski@pc.ola.org,,,,,Renfrew—Nipissing—Pembroke,Progressive Conservative Party of Ontario,"Parliamentary Assistant to the Minister of the Environment, Conservation and Parks",2139
,John,Yakabuski,Male ,Constituency office,"The Victoria Center
Unit 6
84 Isabella St.
",Pembroke,ON,K8A 5S5,John.Yakabuskico@pc.ola.org,John.Yakabuski@pc.ola.org,613-735-6627,613-735-6692,,,Renfrew—Nipissing—Pembroke,Progressive Conservative Party of Ontario,"Parliamentary Assistant to the Minister of the Environment, Conservation and Parks",2139
Hon.,Caroline,Mulroney,Female ,Ministry office,"Ministry of Francophone Affairs
Suite 2501
700 Bay St.
",Toronto,ON,M7A 0A2,,Caroline.Mulroney@pc.ola.org,416-327-9200,,,,York—Simcoe,Progressive Conservative Party of Ontario,Minister of Francophone Affairs; Minister of Transportation,7523
Hon.,Caroline,Mulroney,Female ,Ministry office,"Ministry of Transportation
5th Floor
777 Bay St.
",Toronto,ON,M7A 1Z8,,Caroline.Mulroney@pc.ola.org,1-800-268-4686,,,,York—Simcoe,Progressive Conservative Party of Ontario,Minister of Francophone Affairs; Minister of Transportation,7523
Hon.,Caroline,Mulroney,Female ,Constituency office,"Unit 8
45 Grist Mill Rd.
",Holland Landing,ON,L9N 1M7,Caroline.Mulroneyco@pc.ola.org,Caroline.Mulroney@pc.ola.org,905-895-1555   ,905-895-0337 ,,,York—Simcoe,Progressive Conservative Party of Ontario,Minister of Francophone Affairs; Minister of Transportation,7523
,Stephanie,Bowman,Female ,Constituency office,"Suite 101
795 Eglinton Ave. E
",Toronto,ON,M4G 4E4,sbowman.mpp.co@liberal.ola.org,,416-425-6777,416-425-0350,,,Don Valley West,Ontario Liberal Party,,7594
,Stephanie,Bowman,Female ,Legislative office,"Room 170
Main Legislative Building, Queen's Park
",Toronto,ON,M7A 1A5,,,416-325-0008,,,,Don Valley West,Ontario Liberal Party,,7594
,Kristyn,Wong-Tam,Female ,Constituency office,"Unit 401
120 Carlton St.
",Toronto,ON,M5A 4K2,KWong-Tam-CO@ndp.on.ca,KWong-Tam-QP@ndp.on.ca,416-972-7683,416-972-7686,,,Toronto Centre,New Democratic Party of Ontario,,7616
,Kristyn,Wong-Tam,Female ,Legislative office,"Room 471
Main Legislative Building, Queen's Park
",Toronto,ON,M7A 1A5,,KWong-Tam-QP@ndp.on.ca,416-325-0031,,,,Toronto Centre,New Democratic Party of Ontario,,7616
,Brian,Saunderson,Male ,Ministry office,"Ministry of the Attorney General
McMurtry-Scott Building
11th Floor
720 Bay St.
",Toronto,ON,M7A 2S9,,Brian.Saunderson@pc.ola.org,,,,,Simcoe—Grey,Progressive Conservative Party of Ontario,Parliamentary Assistant to the Attorney General,7610
,Brian,Saunderson,Male ,Constituency office,"Suite 28
180 Parsons Rd.
",Alliston,ON,L9R 1E8,,Brian.Saunderson@pc.ola.org,705-435-4087,705-435-1051,,,Simcoe—Grey,Progressive Conservative Party of Ontario,Parliamentary Assistant to the Attorney General,7610
,Brian,Saunderson,Male ,Constituency office,"7317 Hwy. 26
",Stayner,ON,L0M 1S0,,Brian.Saunderson@pc.ola.org,(705) 446-1090,705-446-3397,1-800-268-7542,,Simcoe—Grey,Progressive Conservative Party of Ontario,Parliamentary Assistant to the Attorney General,7610
,Kevin,Holland,Male ,Ministry office,"Ministry of&nbsp;Municipal Affairs and Housing
23rd Floor
777 Bay St.
",Toronto,ON,M7A 2J3,,Kevin.Holland@pc.ola.org,,,,,Thunder Bay—Atikokan,Progressive Conservative Party of Ontario,Parliamentary Assistant to the Minister of Municipal Affairs and Housing,7613
,Kevin,Holland,Male ,Constituency office,"Unit 3
101 Main St. W
",Atikokan,ON,P0T 1C0,,Kevin.Holland@pc.ola.org,807-623-6702,807-623-8921,833-743-1684,,Thunder Bay—Atikokan,Progressive Conservative Party of Ontario,Parliamentary Assistant to the Minister of Municipal Affairs and Housing,7613
,Kevin,Holland,Male ,Constituency office,"774 James St. N (Main office)
",Thunder Bay,ON,P7C 5N3,,Kevin.Holland@pc.ola.org,807-623-6702,807-623-8921,833-743-1684,,Thunder Bay—Atikokan,Progressive Conservative Party of Ontario,Parliamentary Assistant to the Minister of Municipal Affairs and Housing,7613
,David,Smith,Male ,Ministry office,"Ministry of Labour, Immigration, Training and Skills Development
1st Floor
400 University Ave.
",Toronto,ON,M7A 1T7,,david.smith1@pc.ola.org,,,,,Scarborough Centre,Progressive Conservative Party of Ontario,"Parliamentary Assistant to the Minister of Labour, Immigration, Training and Skills Development",7609
,David,Smith,Male ,Constituency office,"2063 Lawrence Ave. E
",Scarborough,ON,M1R 2Z4,,david.smith1@pc.ola.org,416-615-2183,416-615-2011,,,Scarborough Centre,Progressive Conservative Party of Ontario,"Parliamentary Assistant to the Minister of Labour, Immigration, Training and Skills Development",7609
,Jamie,West,Male ,Constituency office,"Unit 4B
555 Barrydowne Rd.
",Sudbury,ON,P3A 3T4,JWest-CO@ndp.on.ca,JWest-QP@ndp.on.ca,705-675-1914,705-675-1456,,,Sudbury,New Democratic Party of Ontario,,7446
,Jamie,West,Male ,Legislative office,"Room 347
Main Legislative Building, Queen's Park
",Toronto,ON,M7A 1A8,,JWest-QP@ndp.on.ca,416-326-7144,416-326-7280,,,Sudbury,New Democratic Party of Ontario,,7446
Hon.,Neil,Lumsden,Male ,Ministry office,"Ministry of Tourism, Culture and Sport
6th Floor
438 University Ave.
",Toronto,ON,M5G 2K8,,Neil.Lumsden@pc.ola.org,416-326-9326,,,,Hamilton East—Stoney Creek,Progressive Conservative Party of Ontario,"Minister of Tourism, Culture and Sport",7600
Hon.,Neil,Lumsden,Male ,Constituency office,"Unit 102

115 Hwy. 8

&nbsp;
",Hamilton,ON,L8G 1C1,,Neil.Lumsden@pc.ola.org,905-662-8755,905-662-0416 ,,,Hamilton East—Stoney Creek,Progressive Conservative Party of Ontario,"Minister of Tourism, Culture and Sport",7600
Hon.,Graydon,Smith,Male ,Ministry office,"Ministry of&nbsp;Natural Resources and Forestry
Room 6630
5th Floor
99 Wellesley St.
",Toronto,ON,M7A 1W3,,Graydon.Smith@pc.ola.org,416-314-2301,,,,Parry Sound—Muskoka,Progressive Conservative Party of Ontario,Minister of Natural Resources and Forestry,7607
Hon.,Graydon,Smith,Male ,Constituency office,"26 James St.
",Parry Sound,ON,P2A 1T5,,Graydon.Smith@pc.ola.org,705-746-4266  ,705-746-1578   ,1-888-701-1176 ,,Parry Sound—Muskoka,Progressive Conservative Party of Ontario,Minister of Natural Resources and Forestry,7607
Hon.,Graydon,Smith,Male ,Constituency office,"230 Manitoba St.
",Bracebridge,ON,P1L 2E1,,Graydon.Smith@pc.ola.org,705-645-8538,705-645-8148 ,1-888-267-4826   ,,Parry Sound—Muskoka,Progressive Conservative Party of Ontario,Minister of Natural Resources and Forestry,7607
,Rick,Byers,Male ,Ministry office,"Frost North
6th Floor
95 Grosvenor St.
",Toronto,ON,M7A 1Z1,,Rick.Byers@pc.ola.org,,,,,Bruce—Grey—Owen Sound,Progressive Conservative Party of Ontario,Parliamentary Assistant to the Minister of Finance,7589
,Rick,Byers,Male ,Constituency office,"Suite 100
920 1st Ave. W
",Owen Sound,ON,N4K 4K5,,Rick.Byers@pc.ola.org,519-371-2421,519-371-0953,1-800-461-2664,,Bruce—Grey—Owen Sound,Progressive Conservative Party of Ontario,Parliamentary Assistant to the Minister of Finance,7589
,Daisy,Wai,Female ,Ministry office,"Ministry for Seniors and Accessibility
5th Floor
777 Bay St.
",Toronto,ON,M5G 2C8,,Daisy.Wai@pc.ola.org,,,,,Richmond Hill,Progressive Conservative Party of Ontario,Parliamentary Assistant to the Minister for Seniors and Accessibility,7506
,Daisy,Wai,Female ,Constituency office,"Suite 409
9555 Yonge St.
",Richmond Hill,ON,L4C 9M5,Daisy.Waico@pc.ola.org,Daisy.Wai@pc.ola.org,905-884-8080,905-884-1040,,,Richmond Hill,Progressive Conservative Party of Ontario,Parliamentary Assistant to the Minister for Seniors and Accessibility,7506
Hon.,Monte,McNaughton,Male ,Ministry office,"Ministry of Labour, Immigration, Training and Skills Development
14th Floor
400 University Ave
",Toronto,ON,M7A 1T7,,,416-326-7600,,,,Lambton—Kent—Middlesex,Progressive Conservative Party of Ontario,"Minister of Labour, Immigration, Training and Skills Development",7182
Hon.,Monte,McNaughton,Male ,Constituency office,"360 James St.
",Wallaceburg,ON,N8A 2N5,Monte.McNaughtonco@pc.ola.org,, 519-627-1015   , 519-627-7174 ,,,Lambton—Kent—Middlesex,Progressive Conservative Party of Ontario,"Minister of Labour, Immigration, Training and Skills Development",7182
Hon.,Monte,McNaughton,Male ,Constituency office,"81 Front St. W
",Strathroy,ON,N7G 1X6,Monte.McNaughtonco@pc.ola.org,,519-245-8696,519-245-8697 ,,,Lambton—Kent—Middlesex,Progressive Conservative Party of Ontario,"Minister of Labour, Immigration, Training and Skills Development",7182
,Natalie,Pierre,Female ,Ministry office,"Ministry of Colleges and Universities
5th Floor
438 University Ave.
",Toronto,ON,M5G 2K8,,Natalie.Pierre@pc.ola.org,,,,,Burlington,Progressive Conservative Party of Ontario,Parliamentary Assistant to the Minister of Colleges and Universities,7590
,Natalie,Pierre,Female ,Constituency office,"Suite 306
3027 Harvester Rd.

&nbsp;
",Burlington,ON,L7N 3G7,,Natalie.Pierre@pc.ola.org,905-639-7924,905-639-3284 ,,,Burlington,Progressive Conservative Party of Ontario,Parliamentary Assistant to the Minister of Colleges and Universities,7590
,Nolan,Quinn,Male ,Ministry office,"Ministry of Children, Community and Social Services
7th Floor
438 University Ave.
",Toronto,ON,M5G 2K8,,Nolan.Quinn@pc.ola.org,,,,,Stormont—Dundas—South Glengarry,Progressive Conservative Party of Ontario,"Parliamentary Assistant to the Minister of Children, Community and Social Services",7611
,Nolan,Quinn,Male ,Constituency office,"Time Square
120 Second St. W
",Cornwall,ON,K6J 1G5,,Nolan.Quinn@pc.ola.org,613-933-6513,613-933-6449   ,,,Stormont—Dundas—South Glengarry,Progressive Conservative Party of Ontario,"Parliamentary Assistant to the Minister of Children, Community and Social Services",7611
,Laura,Smith,Female ,Ministry office,"Ministry of Tourism, Culture and Sport
1st Floor
400 University Ave.
",Toronto,ON,M7A 1T7,,Laura.Smith@pc.ola.org,,,,,Thornhill,Progressive Conservative Party of Ontario,"Parliamentary Assistant to the Minister of Tourism, Culture and Sport",7612
,Laura,Smith,Female ,Constituency office,"Centre Street Square
Unit 4
1136 Centre St.
",Thornhill,ON,L4J 3M8,,Laura.Smith@pc.ola.org,905-731-1178,,,,Thornhill,Progressive Conservative Party of Ontario,"Parliamentary Assistant to the Minister of Tourism, Culture and Sport",7612
,Robin,Martin,Female ,Ministry office,"Ministry of Health
5th Floor
777 Bay St.
",Toronto,ON,M7A 1Z8,,Robin.Martin@pc.ola.org,,,,,Eglinton—Lawrence,Progressive Conservative Party of Ontario,Parliamentary Assistant to the Minister of Health,7465
,Robin,Martin,Female ,Constituency office,"2882 Dufferin St.
",Toronto,ON,M6B 3S6,Robin.Martinco@pc.ola.org,Robin.Martin@pc.ola.org, 416-781-2395  ,416-781-4116  ,,,Eglinton—Lawrence,Progressive Conservative Party of Ontario,Parliamentary Assistant to the Minister of Health,7465
,Michael,Mantha,Male ,Constituency office,"14 George Walk
",Elliot Lake,ON,P5A 2A4,MMantha-CO@ndp.on.ca,MMantha-QP@ndp.on.ca,705-461-9710 ,705-461-9720,1-800-831-1899   ,,Algoma—Manitoulin,New Democratic Party of Ontario,,7164
,Michael,Mantha,Male ,Legislative office,"Room 320
Main Legislative Building, Queen's Park
",Toronto,ON,M7A 1A5,,MMantha-QP@ndp.on.ca,416-325-1938   ,416-325-1976,,,Algoma—Manitoulin,New Democratic Party of Ontario,,7164
,Vincent,Ke,Male ,Ministry office,"Ministry of Public and Business Service Delivery
5th Floor
777 Bay St.
",Toronto,ON,M5G 2C8,,Vincent.Ke@pc.ola.org,,,,,Don Valley North,Progressive Conservative Party of Ontario,Parliamentary Assistant to the Minister of Public and Business Service Delivery,7461
,Vincent,Ke,Male ,Constituency office,"Suite 103
2175 Sheppard Ave. E
",North York,ON,M2J 1W8,Vincent.Keco@pc.ola.org,Vincent.Ke@pc.ola.org,416-494-8778  ,416-494-0110  ,,,Don Valley North,Progressive Conservative Party of Ontario,Parliamentary Assistant to the Minister of Public and Business Service Delivery,7461
,John,Vanthof,Male ,Constituency office,"63B Government Rd. W
",Kirkland Lake,ON,P2N 2E6,JVanthof-CO@ndp.on.ca,JVanthof-QP@ndp.on.ca,705-567-4650,705-567-4208,,,Timiskaming—Cochrane,New Democratic Party of Ontario,,7192
,John,Vanthof,Male ,Constituency office,"Pinewoods Centre
Unit 5
247 Whitewood Ave.
P.O. Box 398
",New Liskeard,ON,P0J 1P0,JVanthof-CO@ndp.on.ca,JVanthof-QP@ndp.on.ca,705-647-5995,705-647-1976,,,Timiskaming—Cochrane,New Democratic Party of Ontario,,7192
,John,Vanthof,Male ,Constituency office,"2nd Floor
193 King St.
",Sturgeon Falls,ON,P2B 1R8,JVanthof-CO@ndp.on.ca,JVanthof-QP@ndp.on.ca,705-753-0200,705-753-0800,,,Timiskaming—Cochrane,New Democratic Party of Ontario,,7192
,John,Vanthof,Male ,Legislative office,"Room 348
Main Legislative Building, Queen's Park
",Toronto,ON,M7A 1A8,,JVanthof-QP@ndp.on.ca,416-325-2000,416-325-1999,,,Timiskaming—Cochrane,New Democratic Party of Ontario,,7192
,Bhutila,Karpoche,Female ,Constituency office,"2849 Dundas St. W
",Toronto,ON,M6P 1Y6,BKarpoche-CO@ndp.on.ca,BKarpoche-QP@ndp.on.ca,416-763-5630 ,416-763-5640  ,,,Parkdale—High Park,New Democratic Party of Ontario,,7502
,Bhutila,Karpoche,Female ,Legislative office,"Room 204
North Wing, Main Legislative Building, Queen's Park
",Toronto,ON,M7A 1A5,,BKarpoche-QP@ndp.on.ca,416-325-3017  ,416-325-2937 ,,,Parkdale—High Park,New Democratic Party of Ontario,,7502
,Brian,Riddell,Male ,Ministry office,"Ministry of Public and Business Service Delivery
5th Floor
777 Bay St.
",Toronto,ON,M5G 2C8,,Brian.Riddell@pc.ola.org,,,,,Cambridge,Progressive Conservative Party of Ontario,Parliamentary Assistant to the Minister of Public and Business Service Delivery,7591
,Brian,Riddell,Male ,Constituency office,"Cambridge Place

Suite 409

73 Water St. N
",Cambridge,ON,N1R 7L6,,Brian.Riddell@pc.ola.org,519-650-2770 ,,,,Cambridge,Progressive Conservative Party of Ontario,Parliamentary Assistant to the Minister of Public and Business Service Delivery,7591
,Logan,Kanapathi,Male ,Ministry office,"Ministry of Children, Community and Social Services
7th Floor
438 University Ave.
",Toronto,ON,M5G 2K8,,,,,,,Markham—Thornhill,Progressive Conservative Party of Ontario,"Parliamentary Assistant to the Minister of Children, Community and Social Services",7485
,Logan,Kanapathi,Male ,Constituency office,"Unit 3
7380 McCowan Rd.
",Markham,ON,L3S 3H8,Logan.Kanapathico@pc.ola.org,,905-305-1935  ,905-305-1938  ,,,Markham—Thornhill,Progressive Conservative Party of Ontario,"Parliamentary Assistant to the Minister of Children, Community and Social Services",7485
Hon.,Sylvia,Jones,Female ,Ministry office,"Ministry of Health
5th Floor
777 Bay St.
",Toronto,ON,M7A 1Z8,,Sylvia.Jones@pc.ola.org,416-327-4300,,,,Dufferin—Caledon,Progressive Conservative Party of Ontario,Deputy Premier; Minister of Health,7093
Hon.,Sylvia,Jones,Female ,Constituency office,"Suite A
3rd Floor
180 Broadway Ave.
",Orangeville,ON,L9W 1K3,,Sylvia.Jones@pc.ola.org,519-941-7751  ,519-941-3246  ,,,Dufferin—Caledon,Progressive Conservative Party of Ontario,Deputy Premier; Minister of Health,7093
,Mitzie,Hunter,Female ,Constituency office,"Unit B1
3785 Kingston Rd.
",Scarborough,ON,M1J 3M4,mhunter.mpp.co@liberal.ola.org,,416-281-2787  ,416-281-2360 ,,,Scarborough—Guildwood,Ontario Liberal Party,,7227
,Mitzie,Hunter,Female ,Legislative office,"Room 153
Main Legislative Building, Queen's Park
",Toronto,ON,M7A 1A5,,,416-325-4800 ,416-325-4785,,,Scarborough—Guildwood,Ontario Liberal Party,,7227
,Vacant,seat,,Constituency office,"Suite 200
20 Hughson St. S
",Hamilton,ON,L8N 2A1,HamiltonCentre-CO@ndp.on.ca,,905-544-9644  ,905-544-5152  ,,,Hamilton Centre,,,vac_7035
,Christine,Hogarth,Female ,Ministry office,"Ministry of the Solicitor General
George Drew Building
18th Floor
25 Grosvenor St.
",Toronto,ON,M7A 1Y6,,Christine.Hogarth@pc.ola.org,,,,,Etobicoke—Lakeshore,Progressive Conservative Party of Ontario,Parliamentary Assistant to the Solicitor General,7469
,Christine,Hogarth,Female ,Constituency office,"Unit 21
195 Norseman St.
",Etobicoke,ON,M8Z 0E9,Christine.Hogarthco@pc.ola.org,Christine.Hogarth@pc.ola.org,416-259-2249  ,,,,Etobicoke—Lakeshore,Progressive Conservative Party of Ontario,Parliamentary Assistant to the Solicitor General,7469
,John,Jordan,Male ,Ministry office,"Ministry of&nbsp;Long-Term Care
6th Floor
400 University Ave.
",Toronto,ON,M7A 1T7,,John.Jordan@pc.ola.org,,,,,Lanark—Frontenac—Kingston,Progressive Conservative Party of Ontario,Parliamentary Assistant to the Minister of Long-Term Care,7604
,John,Jordan,Male ,Constituency office,"Unit 207
91 Cornelia Street W.
",Smiths Falls,ON,K7A 5L3,,John.Jordan@pc.ola.org,613-284-1630,613-267-7398  ,,,Lanark—Frontenac—Kingston,Progressive Conservative Party of Ontario,Parliamentary Assistant to the Minister of Long-Term Care,7604
,Andrew,Dowie,Male ,Ministry office,"Ministry of Economic Development, Job Creation, and Trade
Whitney Block
Room 1304
99 Wellesley St. W
",Toronto,ON,M4Y 2X9,,Andrew.Dowie@pc.ola.org,,,,,Windsor—Tecumseh,Progressive Conservative Party of Ontario,"Parliamentary Assistant to the Minister of Economic Development, Job Creation and Trade",7617
,Andrew,Dowie,Male ,Constituency office,"Unit 1
5452 Tecumseh Rd. E
",Windsor,ON,N8T 1C7,,Andrew.Dowie@pc.ola.org,519-251-5199 ,519-251-5299 ,,,Windsor—Tecumseh,Progressive Conservative Party of Ontario,"Parliamentary Assistant to the Minister of Economic Development, Job Creation and Trade",7617
Hon.,Michael,Ford,Male ,Ministry office,"Ministry of Citizenship and Multiculturalism
14th Floor
56 Wellesley St.
",Toronto,ON,M7A 2E7,,Michael.Ford@pc.ola.org,416-212-0036,,,,York South—Weston,Progressive Conservative Party of Ontario,Minister of Citizenship and Multiculturalism,7619
Hon.,Michael,Ford,Male ,Constituency office,"1832 Weston Rd.
",Toronto,ON,M9N 1V8,,Michael.Ford@pc.ola.org,416-243-7984,416-243-0327,,,York South—Weston,Progressive Conservative Party of Ontario,Minister of Citizenship and Multiculturalism,7619
,Effie J.,Triantafilopoulos,Female ,Ministry office,"Ministry of Economic Development, Job Creation, and Trade
Whitney Block
Room 1305
99 Wellesley St. W
",Toronto,ON,M4Y 2X9,,Effie.Triantafilopoulos@pc.ola.org,,,,,Oakville North—Burlington,Progressive Conservative Party of Ontario,"Parliamentary Assistant to the Minister of Economic Development, Job Creation and Trade",7499
,Effie J.,Triantafilopoulos,Female ,Constituency office,"Unit 570
2525 Old Bronte Rd.
",Oakville,ON,L6M 4J2,,Effie.Triantafilopoulos@pc.ola.org,905-825-2455,905-825-0663,,,Oakville North—Burlington,Progressive Conservative Party of Ontario,"Parliamentary Assistant to the Minister of Economic Development, Job Creation and Trade",7499
Hon.,Michael A.,Tibollo,Male ,Ministry office,"Ministry of Health
Frost South
6th Floor
7 Queens Park Circle
",Toronto,ON,M7A 1Y7,,,416-327-4300,,,,Vaughan—Woodbridge,Progressive Conservative Party of Ontario,Associate Minister of Mental Health and Addictions,7519
Hon.,Michael A.,Tibollo,Male ,Constituency office,"Unit 3
5100 Rutherford Rd.
",Woodbridge,ON,L4H 2J2,Michael.Tibolloco@pc.ola.org,,905-893-4428,905-893-4537,,,Vaughan—Woodbridge,Progressive Conservative Party of Ontario,Associate Minister of Mental Health and Addictions,7519
,Catherine,Fife,Female ,Constituency office,"Suite 220
100 Regina St. S
",Waterloo,ON,N2J 4P9,,CFife-QP@ndp.on.ca,519-725-3477,519-725-3667,,,Waterloo,New Democratic Party of Ontario,,7204
,Catherine,Fife,Female ,Legislative office,"Room 370
Main Legislative Building, Queen's Park
",Toronto,ON,M7A 1A5,,CFife-QP@ndp.on.ca,416-325-6913,416-325-6942,,,Waterloo,New Democratic Party of Ontario,,7204
Hon.,Lisa,Thompson,Female ,Ministry office,"Ministry of Agriculture, Food and Rural Affairs
11th Floor
77 Grenville St.
",Toronto,ON,M5S 1B3,,Lisa.Thompson@pc.ola.org,416-326-3074,,,,Huron—Bruce,Progressive Conservative Party of Ontario,"Minister of Agriculture, Food and Rural Affairs",7179
Hon.,Lisa,Thompson,Female ,Constituency office,"408 Queen St.
P.O. Box 426
",Blyth,ON,N0M 1H0,Lisa.Thompsonco@pc.ola.org,Lisa.Thompson@pc.ola.org,519-523-4251,226-523-9296,,,Huron—Bruce,Progressive Conservative Party of Ontario,"Minister of Agriculture, Food and Rural Affairs",7179
Hon.,Lisa,Thompson,Female ,Constituency office,"Unit 2
807 Queen St.
",Kincardine,ON,N2Z 2Y2,Lisa.Thompsonco@pc.ola.org,Lisa.Thompson@pc.ola.org,519-396-3007,519-396-3011,1-866-396-3007,,Huron—Bruce,Progressive Conservative Party of Ontario,"Minister of Agriculture, Food and Rural Affairs",7179
,Sol,Mamakwa,Male ,Constituency office,"Unit 104
73 King St.
P.O. Box 176
",Sioux Lookout,ON,P8T 1A1,SMamakwa-CO@ndp.on.ca,,807-737-2210,807-737-1592,1-888-444-1723,,Kiiwetinoong,New Democratic Party of Ontario,,7477
,Sol,Mamakwa,Male ,Constituency office,"Unit 4
14 Discovery Rd.
P.O. Box 855
",Red Lake,ON,P0V 2M0,SMamakwa-CO@ndp.on.ca,,807-727-1133,,,,Kiiwetinoong,New Democratic Party of Ontario,,7477
,Sol,Mamakwa,Male ,Legislative office,"Room 201
North Wing, Main Legislative Building, Queen's Park
",Toronto,ON,M7A 1A5,SMamakwa-QP@ndp.on.ca,,416-326-7692 ,416-326-7690,,,Kiiwetinoong,New Democratic Party of Ontario,,7477
,Vijay,Thanigasalam,Male ,Ministry office,"Ministry of Infrastructure
4th Floor
777 Bay St.
",Toronto,ON,M7A 2J3,,Vijay.Thanigasalam@pc.ola.org,,,,,Scarborough—Rouge Park,Progressive Conservative Party of Ontario,Parliamentary Assistant to the Minister of Infrastructure,7511
,Vijay,Thanigasalam,Male ,Constituency office,"Unit 105
8130 Sheppard Ave. E
",Toronto,ON,M1B 3W3,,Vijay.Thanigasalam@pc.ola.org,416-283-8448,416-283-1597,,,Scarborough—Rouge Park,Progressive Conservative Party of Ontario,Parliamentary Assistant to the Minister of Infrastructure,7511
,Monique,Taylor,Female ,Constituency office,"Unit 202
555 Concession St.
",Hamilton,ON,L8V 1A8,MTaylor-CO@ndp.on.ca,MTaylor-QP@ndp.on.ca,905-388-9734,905-388-7862,,,Hamilton Mountain,New Democratic Party of Ontario,,7178
,Monique,Taylor,Female ,Legislative office,"Room 357
Main Legislative Building, Queen's Park
",Toronto,ON,M7A 1A5,,MTaylor-QP@ndp.on.ca,416-325-1796,416-325-1863,,,Hamilton Mountain,New Democratic Party of Ontario,,7178
,Nina,Tangri,Female ,Legislative office,"Room 416
Main Legislative Building, Queen's Park
",Toronto,ON,M7A 1A5,,Nina.Tangri@pc.ola.org,416-325-0153,,,,Mississauga—Streetsville,Progressive Conservative Party of Ontario,,7494
,Nina,Tangri,Female ,Constituency office,"Unit 110
154 Queen St. S
",Mississauga,ON,L5M 2P4,,Nina.Tangri@pc.ola.org,905-569-1643,905-569-6416,,,Mississauga—Streetsville,Progressive Conservative Party of Ontario,,7494
,Jess,Dixon,Female ,Ministry office,"Ministry of Energy
10th Floor
77 Grenville Ave.
",Toronto,ON,M5S 1B1,,Jess.Dixon@pc.ola.org,,,,,Kitchener South—Hespeler,Progressive Conservative Party of Ontario,Parliamentary Assistant to the Minister of Energy,7603
,Jess,Dixon,Female ,Constituency office,"Building A
Unit 11
260 Holiday Inn Dr.
",Cambridge,ON,N3C 2E8,,Jess.Dixon@pc.ola.org,519-650-9413,519-650-7006,,,Kitchener South—Hespeler,Progressive Conservative Party of Ontario,Parliamentary Assistant to the Minister of Energy,7603
,Peter,Tabuns,Male ,Constituency office,"923 Danforth Ave.
",Toronto,ON,M4J 1L8,tabunsp-co@ndp.on.ca,tabunsp-qp@ndp.on.ca,416-461-0223,416-461-9542,,,Toronto—Danforth,New Democratic Party of Ontario,,7041
,Peter,Tabuns,Male ,Legislative office,"Room 381
Main Legislative Building, Queen's Park
",Toronto,ON,M7A 1A5,,tabunsp-qp@ndp.on.ca,416-325-3250,,,,Toronto—Danforth,New Democratic Party of Ontario,,7041
Hon.,Victor,Fedeli,Male ,Ministry office,"Ministry of Economic Development, Job Creation, and Trade
18th Floor
777 Bay St.
",Toronto,ON,M5B 2H7,,Vic.Fedeli@pc.ola.org,416-326-8475,,,,Nipissing,Progressive Conservative Party of Ontario,"Chair of Cabinet; Minister of Economic Development, Job Creation and Trade",7185
Hon.,Victor,Fedeli,Male ,Constituency office,"219 Main St. E
",North Bay,ON,P1B 1B2,Vic.Fedelico@pc.ola.org,Vic.Fedeli@pc.ola.org,705-474-8340,705-474-9747,,,Nipissing,Progressive Conservative Party of Ontario,"Chair of Cabinet; Minister of Economic Development, Job Creation and Trade",7185
,Dawn,Gallagher Murphy,Female ,Ministry office,"Ministry of Health
5th Floor
777 Bay St.
",Toronto,ON,M7A 1Z8,,Dawn.GallagherMurphy@pc.ola.org,,,,,Newmarket—Aurora,Progressive Conservative Party of Ontario,Parliamentary Assistant to the Minister of Health,7605
,Dawn,Gallagher Murphy,Female ,Constituency office,"Unit 22
16635 Yonge St.
",Newmarket,ON,L3X 1V6,,Dawn.GallagherMurphy@pc.ola.org,905-853-9889,905-853-6115,1-800-211-1881,,Newmarket—Aurora,Progressive Conservative Party of Ontario,Parliamentary Assistant to the Minister of Health,7605
Hon.,Jill,Dunlop,Female ,Ministry office,"Ministry of Colleges and Universities
5th Floor
438 University Ave.
",Toronto,ON,M5G 2K8,,Jill.Dunlop@pc.ola.org, 416-326-1600,,,,Simcoe North,Progressive Conservative Party of Ontario,Minister of Colleges and Universities,7512
Hon.,Jill,Dunlop,Female ,Constituency office,"Unit 9

575 West St. S
",Orillia,Ontario,L3V 7N6,,Jill.Dunlop@pc.ola.org, 705-326-3246,, 1-800-304-7341,,Simcoe North,Progressive Conservative Party of Ontario,Minister of Colleges and Universities,7512
,Mike,Harris,Male ,Ministry office,"Ministry of Legislative Affairs
Whitney Block
Room 1307A
99 Wellesley St.
",Toronto,ON,M7A 1A1,,Mike.Harris@pc.ola.org,,,,,Kitchener—Conestoga,Progressive Conservative Party of Ontario,Parliamentary Assistant to the Minister of Legislative Affairs,7482
,Mike,Harris,Male ,Constituency office,"Unit 3 &amp; 4
63 Arthur St. S
",Elmira,ON,N3B 2M6,Mike.Harrisco@pc.ola.org,Mike.Harris@pc.ola.org,519-669-2090  ,519-669-0476  ,,,Kitchener—Conestoga,Progressive Conservative Party of Ontario,Parliamentary Assistant to the Minister of Legislative Affairs,7482
,Joel,Harden,Male ,Constituency office,"109 Catherine St.
",Ottawa,ON,K2P 0P4,JHarden-CO@ndp.on.ca,,613-722-6414 ,613-722-6703,,,Ottawa Centre,New Democratic Party of Ontario,,7500
,Joel,Harden,Male ,Legislative office,"Room 328
Main Legislative Building, Queen's Park
",Toronto,ON,M7A 1A8,JHarden-QP@ndp.on.ca,,416-326-7648  ,416-326-7639,,,Ottawa Centre,New Democratic Party of Ontario,,7500
,Ernie,Hardeman,Male ,Constituency office,"12 Perry St.
",Woodstock,ON,N4S 3C2,Ernie.Hardemanco@pc.ola.org,Ernie.Hardeman@pc.ola.org,519-537-5222,519-537-3577 ,1-800-265-4046,,Oxford,Progressive Conservative Party of Ontario,,43
,Ernie,Hardeman,Male ,Legislative office,"Room 436
Main Legislative Building, Queen's Park
",Toronto,ON,M7A 1A8,,Ernie.Hardeman@pc.ola.org,416-325-0224,,,,Oxford,Progressive Conservative Party of Ontario,,43
,Lisa,Gretzky,Female ,Constituency office,"2443 Dougall Ave.
",Windsor ,ON,N8X 1T3,LGretzky-CO@ndp.on.ca,LGretzky-QP@ndp.on.ca,519-977-7191 ,519-977-7029,,,Windsor West,New Democratic Party of Ontario,,7288
,Lisa,Gretzky,Female ,Legislative office,"Room 324
Main Legislative Building, Queen's Park
",Toronto,ON,M7A 1A5,,LGretzky-QP@ndp.on.ca,416-325-0235 ,416-325-0873,,,Windsor West,New Democratic Party of Ontario,,7288
Hon.,Doug,Downey,Male ,Ministry office,"Ministry of the Attorney General
McMurtry-Scott Building
11th Floor
720 Bay St.
",Toronto,ON,M7A 2S9,,Doug.Downey@pc.ola.org, 416-326-2220,,,,Barrie—Springwater—Oro-Medonte,Progressive Conservative Party of Ontario,Attorney General,7450
Hon.,Doug,Downey,Male ,Constituency office,"Unit 14
20 Bell Farm Rd.
",Barrie,ON,L4M 6E4,,Doug.Downey@pc.ola.org,705-726-5538,705-726-2880,,,Barrie—Springwater—Oro-Medonte,Progressive Conservative Party of Ontario,Attorney General,7450
,Rudy,Cuzzetto,Male ,Constituency office,"Unit 1 &amp; 2
120 Lakeshore Rd. W
",Mississauga,ON,L5H 1E8,Rudy.Cuzzettoco@pc.ola.org,Rudy.Cuzzetto@pc.ola.org,905-274-8228,905-274-8552,,,Mississauga—Lakeshore,Progressive Conservative Party of Ontario,Parliamentary Assistant to the President of the Treasury Board,7492
,Rudy,Cuzzetto,Male ,Ministry office,"Treasury Board Secretariat
Whitney Block
Room 5340
5th Floor
99 Wellesley St. W
",Toronto,ON,M7A 1W3,,Rudy.Cuzzetto@pc.ola.org,,,,,Mississauga—Lakeshore,Progressive Conservative Party of Ontario,Parliamentary Assistant to the President of the Treasury Board,7492
,Lise,Vaugeois,Female ,Constituency office,"272 Park Ave.
",Thunder Bay,ON,P7B 1C5,LVaugeois-CO@ndp.on.ca,LVaugeois-QP@ndp.on.ca,807-345-3647  ,807-345-2922  ,,,Thunder Bay—Superior North,New Democratic Party of Ontario,,7614
,Lise,Vaugeois,Female ,Legislative office,"Room 203
North Wing, Main Legislative Building, Queen's Park
",Toronto,ON,M7A 1A4,,LVaugeois-QP@ndp.on.ca,416-325-0069,,,,Thunder Bay—Superior North,New Democratic Party of Ontario,,7614
,Stephen,Crawford,Male ,Ministry office,"Ministry of Finance
Frost Building South
7th Floor
7 Queen's Park Cres.
",Toronto,ON,M7A 1Y7,,Stephen.Crawford@pc.ola.org,,,,,Oakville,Progressive Conservative Party of Ontario,Parliamentary Assistant to the Minister of Finance,7498
,Stephen,Crawford,Male ,Constituency office,"Unit 1
74 Rebecca St.
",Oakville,ON,L6K 1J2,,Stephen.Crawford@pc.ola.org,905-827-5141,905-827-3786,,,Oakville,Progressive Conservative Party of Ontario,Parliamentary Assistant to the Minister of Finance,7498
,Adil,Shamji,Male ,Constituency office,"Suite L02
1200 Lawrence Ave. E
",Toronto,ON,M3A 1C1,ashamji.mpp.co@liberal.ola.org,,416-494-6856,416-494-9937,,,Don Valley East,Ontario Liberal Party,,7593
Hon.,Prabmeet Singh,Sarkaria,Male ,Ministry office,"Treasury Board Secretariat
Whitney Block
Room 4320
4th Floor
99 Wellesley St. W
",Toronto,ON,M7A 1W3,,Prabmeet.Sarkaria@pc.ola.org,416-327-2333,,,,Brampton South,Progressive Conservative Party of Ontario,President of the Treasury Board,7455
Hon.,Prabmeet Singh,Sarkaria,Male ,Constituency office,"Unit 402
7700 Hurontario St.
",Brampton,ON,L6Y 4M3,,Prabmeet.Sarkaria@pc.ola.org,905-796-8669, 905-796-8069,,,Brampton South,Progressive Conservative Party of Ontario,President of the Treasury Board,7455
,Amarjot,Sandhu,Male ,Ministry office,"Ministry of Infrastructure
4th Floor
777 Bay St.
",Toronto,ON,M7A 2J3,,Amarjot.Sandhu@pc.ola.org,,,,,Brampton West,Progressive Conservative Party of Ontario,Parliamentary Assistant to the Minister of Infrastructure,7456
,Amarjot,Sandhu,Male ,Constituency office,"Unit 309
10 Gillingham Dr.
",Brampton,ON,L6X 0G6,Amarjot.Sandhuco@pc.ola.org,Amarjot.Sandhu@pc.ola.org,905-595-1532,905-451-8496,,,Brampton West,Progressive Conservative Party of Ontario,Parliamentary Assistant to the Minister of Infrastructure,7456
,Chris,Glover,Male ,Constituency office,"Unit A
226 Bathurst St.
",Toronto,ON,M5T 2R9,CGlover-CO@ndp.on.ca,,416-603-9664  ,416-603-1214  ,,,Spadina—Fort York,New Democratic Party of Ontario,,7513
,Chris,Glover,Male ,Legislative office,"Room 241
North Wing, Main Legislative Building, Queen's Park
",Toronto,ON,M7A 1A8,,,416-326-7196  ,416-326-7172  ,,,Spadina—Fort York,New Democratic Party of Ontario,,7513
,Lorne,Coe,Male ,Ministry office,"Premier's Office
Whitney Block
Room 6522
99 Wellesley St. W
",Toronto,ON,M7A 1W3,,Lorne.Coe@pc.ola.org,,,,,Whitby,Progressive Conservative Party of Ontario,Parliamentary Assistant to the Premier,7344
,Lorne,Coe,Male ,Constituency office,"Suite 101
114 Dundas St. E
",Whitby,ON,L1N 2H7,,Lorne.Coe@pc.ola.org,905-430-1141 ,905-430-1840,,,Whitby,Progressive Conservative Party of Ontario,Parliamentary Assistant to the Premier,7344
,Sheref,Sabawy,Male ,Ministry office,"Ministry of Tourism, Culture and Sport
6th Floor
438 University Ave.
",Toronto,ON,M5G 2K8,,Sheref.Sabawy@pc.ola.org,,,,,Mississauga—Erin Mills,Progressive Conservative Party of Ontario,"Parliamentary Assistant to the Minister of Tourism, Culture and Sport",7491
,Sheref,Sabawy,Male ,Constituency office,"Unit 40
4181 Sladeview Cres
",Mississauga,ON,L5L 5R2,,Sheref.Sabawy@pc.ola.org,905-820-8851,905-820-4307,,,Mississauga—Erin Mills,Progressive Conservative Party of Ontario,"Parliamentary Assistant to the Minister of Tourism, Culture and Sport",7491
Hon.,Kinga,Surma,Female ,Ministry office,"Ministry of Infrastructure
5th Floor
777 Bay St.
",Toronto,ON,M7A 2J3,,Kinga.Surma@pc.ola.org,416-327-4412,,,,Etobicoke Centre,Progressive Conservative Party of Ontario,Minister of Infrastructure,7467
Hon.,Kinga,Surma,Female ,Constituency office,"Lloydmanor Shopping Centre
Unit 102
201 Lloyd Manor Rd.
",Etobicoke,ON,M9B 6H6,Kinga.Surmaco@pc.ola.org,Kinga.Surma@pc.ola.org,416-234-2800,416-234-2276,,,Etobicoke Centre,Progressive Conservative Party of Ontario,Minister of Infrastructure,7467
,Ross,Romano,Male ,Legislative office,"Room 249
Main Legislative Building, Queen's Park
",Toronto,ON,M7A 1A5,,Ross.Romano@pc.ola.org,416-325-0109,,,,Sault Ste. Marie,Progressive Conservative Party of Ontario,,7424
,Ross,Romano,Male ,Constituency office,"Suite 102
390 Bay St.
",Sault Ste Marie,ON,P6A 1X2,Ross.Romanoco@pc.ola.org,Ross.Romano@pc.ola.org,705-949-6959,705-946-6269,,,Sault Ste. Marie,Progressive Conservative Party of Ontario,,7424
,Marit,Stiles,Female ,Legislative office,"Room 465
Main Legislative Building, Queen's Park
",Toronto,ON,M7A 1A5,,MStiles-QP@ndp.on.ca,416-326-7202,,,,Davenport,New Democratic Party of Ontario,,7460
,Marit,Stiles,Female ,Constituency office,"1199 Bloor St. W
",Toronto,ON,M6H 1N4,MStiles-CO@ndp.on.ca,MStiles-QP@ndp.on.ca,416-535-3158,416-535-6587,,,Davenport,New Democratic Party of Ontario,,7460
,Chandra,Pasma,Female ,Legislative office,"Room 206
North Wing, Main Legislative Building, Queen's Park
",Toronto,ON,M7A 1A5,,CPasma-QP@ndp.on.ca,416-325-3001,,,,Ottawa West—Nepean,New Democratic Party of Ontario,,7606
,Chandra,Pasma,Female ,Constituency office,"Unit 500
1580 Merivale Rd.
",Nepean,ON,K2G 4B5,CPasma-CO@ndp.on.ca,CPasma-QP@ndp.on.ca,613-721-8075,613-721-5756,,,Ottawa West—Nepean,New Democratic Party of Ontario,,7606
,Jennifer (Jennie),Stevens,Female ,Constituency office,"Unit B
209 Carlton St.
",St. Catharines,ON,L2R 1S1,JStevens-CO@ndp.on.ca,JStevens-QP@ndp.on.ca,905-935-0018,905-935-0191,,,St. Catharines,New Democratic Party of Ontario,,7514
,Jennifer (Jennie),Stevens,Female ,Legislative office,"Room 387
Legislative Building, Queen's Park
",Toronto,ON,M7A 1A5,JStevens-QP@ndp.on.ca,JStevens-QP@ndp.on.ca,416-326-7127,416-326-7126,,,St. Catharines,New Democratic Party of Ontario,,7514
Hon.,Steve,Clark,Male ,Ministry office,"Ministry of&nbsp;Municipal Affairs and Housing
17th Floor
777 Bay St.
",Toronto,ON,M7A 2J3,,Steve.Clark@pc.ola.org,416-585-7000,,,,Leeds—Grenville—Thousand Islands and Rideau Lakes,Progressive Conservative Party of Ontario,Minister of Municipal Affairs and Housing,7146
Hon.,Steve,Clark,Male ,Constituency office,"Suite 101
100 Strowger Blvd.
",Brockville,ON,K6V 5J9,,Steve.Clark@pc.ola.org,613-342-9522,613-342-2501,1-800-267-4408,,Leeds—Grenville—Thousand Islands and Rideau Lakes,Progressive Conservative Party of Ontario,Minister of Municipal Affairs and Housing,7146
Hon.,Todd,Smith,Male ,Ministry office,"Ministry of Energy
10th Floor
77 Grenville Ave.
",Toronto,ON,M5S 1B1,,,416-327-6758,,,,Bay of Quinte,Progressive Conservative Party of Ontario,Minister of Energy,7189
Hon.,Todd,Smith,Male ,Constituency office,"Unit 8
5503 Hwy. 62 S
",Belleville,ON,K8N 0L5,Todd.Smithco@pc.ola.org,,613-962-1144,613-969-6381,,,Bay of Quinte,Progressive Conservative Party of Ontario,Minister of Energy,7189
Hon.,Stan,Cho,Male ,Ministry office,"Ministry of Transportation
5th Floor
777 Bay St.
",Toronto,ON,M7A 1Z8,,Stan.Cho@pc.ola.org,,,,,Willowdale,Progressive Conservative Party of Ontario,Associate Minister of Transportation,7520
Hon.,Stan,Cho,Male ,Constituency office,"111 Sheppard Ave. W
",North York,ON,M2N 1M7,,Stan.Cho@pc.ola.org,416-733-7878,416-733-7709,,,Willowdale,Progressive Conservative Party of Ontario,Associate Minister of Transportation,7520
,Dave,Smith,Male ,Ministry office,"Ministry of Northern Development
4th Floor
160 Bloor St. E
",Toronto,ON,M7A 2E6,,Dave.Smith@pc.ola.org,,,,,Peterborough—Kawartha,Progressive Conservative Party of Ontario,Parliamentary Assistant to the Minister of Indigenous Affairs; Parliamentary Assistant to the Minister of Northern Development,7525
,Dave,Smith,Male ,Ministry office,"Ministry of Indigenous Affairs
4th Floor
160 Bloor St. E
",Toronto,ON,M7A 2E6,,Dave.Smith@pc.ola.org,,,,,Peterborough—Kawartha,Progressive Conservative Party of Ontario,Parliamentary Assistant to the Minister of Indigenous Affairs; Parliamentary Assistant to the Minister of Northern Development,7525
,Dave,Smith,Male ,Constituency office,"Unit E

864 Chemong Rd.
",Peterborough,ON,K9H 5Z8,dave.smithco@pc.ola.org,Dave.Smith@pc.ola.org,705-742-3777,705-742-1822,,,Peterborough—Kawartha,Progressive Conservative Party of Ontario,Parliamentary Assistant to the Minister of Indigenous Affairs; Parliamentary Assistant to the Minister of Northern Development,7525
,Donna,Skelly,Female ,Legislative office,"Room 270
Main Legislative Building, Queen's Park
",Toronto,ON,M7A 1A5,,Donna.Skelly@pc.ola.org,416-325-0138,,,,Flamborough—Glanbrook,Progressive Conservative Party of Ontario,,7470
,Donna,Skelly,Female ,Constituency office,"Suite 104
2000 Garth St.
",Hamilton,ON,L9B 0C1,,Donna.Skelly@pc.ola.org,905-679-3770,905-679-0288,,,Flamborough—Glanbrook,Progressive Conservative Party of Ontario,,7470
Hon.,Raymond Sung Joon,Cho,Male ,Ministry office,"Ministry for Seniors and Accessibility
5th Floor
777 Bay St.
",Toronto,ON,M5G 2C8,,Raymond.Cho@pc.ola.org,1-888-910-1999,,,,Scarborough North,Progressive Conservative Party of Ontario,Minister for Seniors and Accessibility,7364
Hon.,Raymond Sung Joon,Cho,Male ,Constituency office,"Unit B
4559 Sheppard Ave. E
",Toronto,ON,M1S 1V3,,Raymond.Cho@pc.ola.org,416-297-5040,416-297-6767,,,Scarborough North,Progressive Conservative Party of Ontario,Minister for Seniors and Accessibility,7364
Hon.,Charmaine,Williams,Female ,Ministry office,"Ministry of Children, Community and Social Services
7th Floor
438 University Ave.
",Toronto,ON, M5G 2K8,,Charmaine.Williams@pc.ola.org,,,,,Brampton Centre,Progressive Conservative Party of Ontario,Associate Minister of Women's Social and Economic Opportunity,7586
Hon.,Charmaine,Williams,Female ,Constituency office,"Lakeridge Plaza
Unit 12
456 Vodden St. E
",Brampton,ON,L6S 5Y7,,Charmaine.Williams@pc.ola.org,905-454-1233,905-454-8292,,,Brampton Centre,Progressive Conservative Party of Ontario,Associate Minister of Women's Social and Economic Opportunity,7586
,Hardeep,Grewal,Male ,Ministry office,"Ministry of Transportation
5th Floor
777 Bay St.
",Toronto,ON,M7A 1Z8,,Hardeep.Grewal@pc.ola.org,,,,,Brampton East,Progressive Conservative Party of Ontario,Parliamentary Assistant to the Minister of Transportation,7587
,Hardeep,Grewal,Male ,Constituency office,"Unit 307
1 Gateway Blvd.
",Brampton,ON,L6T 0G3,,Hardeep.Grewal@pc.ola.org,905-799-3939,905-799-9505,,,Brampton East,Progressive Conservative Party of Ontario,Parliamentary Assistant to the Minister of Transportation,7587
Hon.,Paul,Calandra,Male ,Ministry office,"Ministry of Long-Term Care
6th Floor
400 University Ave.
",Toronto,ON,M7A 1T7,,Paul.Calandra@pc.ola.org,416-325-6200,,,,Markham—Stouffville,Progressive Conservative Party of Ontario,Minister of Long-Term Care; Minister of Legislative Affairs,7484
Hon.,Paul,Calandra,Male ,Ministry office,"Ministry of&nbsp;Legislative Affairs
Main Legislative Building
Room 223
111 Wellesley St. W
",Toronto,ON,M7A 1A8,,Paul.Calandra@pc.ola.org,,,,,Markham—Stouffville,Progressive Conservative Party of Ontario,Minister of Long-Term Care; Minister of Legislative Affairs,7484
Hon.,Paul,Calandra,Male ,Legislative office,"Room 223
Main Legislative Building, Queen's Park
",Toronto,ON,M7A 1A8,,Paul.Calandra@pc.ola.org,,,,,Markham—Stouffville,Progressive Conservative Party of Ontario,Minister of Long-Term Care; Minister of Legislative Affairs,7484
Hon.,Paul,Calandra,Male ,Constituency office,"Suite 400
37 Sandiford Dr.
",Stouffville,ON,L4A 3Z2,,Paul.Calandra@pc.ola.org,905-642-2588,905-642-1618,1-866-531-9551,,Markham—Stouffville,Progressive Conservative Party of Ontario,Minister of Long-Term Care; Minister of Legislative Affairs,7484
,Jeff,Burch,Male ,Constituency office,"Unit 102
60 King St.
",Welland,ON,L3B 6A4,JBurch-CO@ndp.on.ca,,905-732-6884,905-732-9782,,,Niagara Centre,New Democratic Party of Ontario,,7496
,Jeff,Burch,Male ,Legislative office,"Room 355
Main Legislative Building, Queen's Park
",Toronto,ON,M7A 1A8,JBurch-QP@ndp.on.ca,,416-325-3990,416-325-3415,,,Niagara Centre,New Democratic Party of Ontario,,7496
,Stéphane,Sarrazin,Male ,Ministry office,"Ministry of Energy
10th Floor
77 Grenville Ave.
",Toronto,ON,M5S 1B1,,Stephane.Sarrazin@pc.ola.org,,,,,Glengarry—Prescott—Russell,Progressive Conservative Party of Ontario,Parliamentary Assistant to the Minister of Energy,7598
,Stéphane,Sarrazin,Male ,Constituency office,"290A McGill St.
",Hawkesbury,ON,K6A 1P8,,Stephane.Sarrazin@pc.ola.org,613-632-2706,613-632-1554,1-800-294-8250,,Glengarry—Prescott—Russell,Progressive Conservative Party of Ontario,Parliamentary Assistant to the Minister of Energy,7598
,Sandy,Shaw,Female ,Constituency office,"177 King St. W
",Dundas,ON,L9H 1V3,SShaw-CO@ndp.on.ca,SShaw-QP@ndp.on.ca,905-628-2755,905-628-1280,,,Hamilton West—Ancaster—Dundas,New Democratic Party of Ontario,,7472
,Sandy,Shaw,Female ,Legislative office,"Room 359
Main Legislative Building, Queen's Park
",Toronto,ON,M7A 1A8,SShaw-QP@ndp.on.ca,SShaw-QP@ndp.on.ca,416-326-6890,416-326-6885,,,Hamilton West—Ancaster—Dundas,New Democratic Party of Ontario,,7472
,Laurie,Scott,Female ,Constituency office,"14 Lindsay St. N
",Lindsay,ON,K9V 1T4,Laurie.Scottco@pc.ola.org,Laurie.Scott@pc.ola.org,705-324-6654,,1-800-424-2490,,Haliburton—Kawartha Lakes—Brock,Progressive Conservative Party of Ontario,,2116
,Laurie,Scott,Female ,Legislative office,"Room 420
Main Legislative Building, Queen's Park
",Toronto,ON,M7A 1A8,,Laurie.Scott@pc.ola.org,416-325-0277,,,,Haliburton—Kawartha Lakes—Brock,Progressive Conservative Party of Ontario,,2116
,Mike,Schreiner,Male ,Constituency office,"173 Woolwich St.
",Guelph,ON,N1H 3V4,mschreiner-co@ola.org,mschreiner@ola.org,519-836-4190,519-836-4191,,,Guelph,Green Party of Ontario,,7449
,Mike,Schreiner,Male ,Legislative office,"Room 186
Main Legislative Building, Queen's Park
",Toronto,ON,M7A 1A5,,mschreiner@ola.org,416-325-4664,416-325-4666,,,Guelph,Green Party of Ontario,,7449
,Peggy,Sattler,Female ,Constituency office,"Unit 101
240 Commissioners Rd. W
",London,ON,N6J 1Y1,PSattler-CO@ndp.on.ca,,519-657-3120,519-657-0368,,,London West,New Democratic Party of Ontario,,7225
,Peggy,Sattler,Female ,Legislative office,"Room 467
Main Legislative Building, Queen's Park
",Toronto,ON,M7A 1A5,PSattler-QP@ndp.on.ca,,416-325-6908,416-325-7030,,,London West,New Democratic Party of Ontario,,7225
Hon.,Parm,Gill,Male ,Ministry office,"Ministry of Red Tape Reduction
7th Floor
56 Wellesley St. W
",Toronto,ON,M7A 2E7,,Parm.Gill@pc.ola.org,416-212-0088,,,,Milton,Progressive Conservative Party of Ontario,Minister of Red Tape Reduction,7488
Hon.,Parm,Gill,Male ,Constituency office,"Unit 206
400 Main St. E
",Milton,ON,L9T 4X5,,Parm.Gill@pc.ola.org,905-878-1729  ,905-878-5144  ,,,Milton,Progressive Conservative Party of Ontario,Minister of Red Tape Reduction,7488
,Goldie,Ghamari,Female ,Legislative office,"Room 441
Main Legislative Building, Queen's Park
",Toronto,ON,M7A 1A5,,Goldie.Ghamari@pc.ola.org,416-325-4890,,,,Carleton,Progressive Conservative Party of Ontario,,7459
,Goldie,Ghamari,Female ,Constituency office,"Unit 30
6179 Perth St.
",Richmond,ON,K0A 2Z0,,Goldie.Ghamari@pc.ola.org,613-838-4425,613-838-6045 ,,,Carleton,Progressive Conservative Party of Ontario,,7459
Hon.,Greg,Rickford,Male ,Ministry office,"Ministry of Northern Development
Room 400
4th Floor
160 Bloor St E.
",Toronto,ON,M7A 2E6,,Greg.Rickford@pc.ola.org,705-945-6698 ,,1-800-461-2287,,Kenora—Rainy River,Progressive Conservative Party of Ontario,Minister of Northern Development; Minister of Indigenous Affairs,7476
Hon.,Greg,Rickford,Male ,Ministry office,"Ministry of Indigenous Affairs
4th Floor
160 Bloor St. E
",Toronto,ON,M7A 2E6,,Greg.Rickford@pc.ola.org,416-326-4740,,,,Kenora—Rainy River,Progressive Conservative Party of Ontario,Minister of Northern Development; Minister of Indigenous Affairs,7476
Hon.,Greg,Rickford,Male ,Constituency office,"Unit 2
439 Government St.
",Dryden,ON,P8N 2P4,Greg.Rickfordco@pc.ola.org,Greg.Rickford@pc.ola.org,807-223-6456,807-223-6593,1-800-465-8501,,Kenora—Rainy River,Progressive Conservative Party of Ontario,Minister of Northern Development; Minister of Indigenous Affairs,7476
Hon.,Greg,Rickford,Male ,Constituency office,"5907 Hwy. 11/71
P.O. Box 326
",Emo,ON,P0W 1E0,Greg.Rickfordco@pc.ola.org,Greg.Rickford@pc.ola.org,,,,,Kenora—Rainy River,Progressive Conservative Party of Ontario,Minister of Northern Development; Minister of Indigenous Affairs,7476
Hon.,Greg,Rickford,Male ,Constituency office,"300 McClellan Ave. East Room
",Kenora,ON,P9N 1A8,Greg.Rickfordco@pc.ola.org,Greg.Rickford@pc.ola.org,807-467-2415,807-467-2641, 1-800-465-8501,,Kenora—Rainy River,Progressive Conservative Party of Ontario,Minister of Northern Development; Minister of Indigenous Affairs,7476
Hon.,Kaleed,Rasheed,Male ,Ministry office,"Ministry of Public and Business Service Delivery
5th Floor
777 Bay St.
",Toronto,ON,M5G 2C8,,Kaleed.Rasheed@pc.ola.org,416-212-2665,,,,Mississauga East—Cooksville,Progressive Conservative Party of Ontario,Minister of Public and Business Service Delivery,7490
Hon.,Kaleed,Rasheed,Male ,Constituency office,"Unit 315
1420 Burnhamthorpe Rd. E
",Mississauga,ON,L4X 2Z9,Kaleed.Rasheedco@pc.ola.org,Kaleed.Rasheed@pc.ola.org,905-238-1751,905-238-4918 ,,,Mississauga East—Cooksville,Progressive Conservative Party of Ontario,Minister of Public and Business Service Delivery,7490
,Tom,Rakocevic,Male ,Constituency office,"Unit 38
2300 Finch Ave. W
",North York,ON,M9M 2Y3,TRakocevic-CO@ndp.on.ca,TRakocevic-QP@ndp.on.ca,416-743-7272,416-743-3292,,,Humber River—Black Creek,New Democratic Party of Ontario,,7474
,Tom,Rakocevic,Male ,Legislative office,"Room 207
North Wing,&nbsp;Main Legislative Building, Queen's Park
",Toronto,ON,M7A 1A8,,TRakocevic-QP@ndp.on.ca,416-326-7585,416-326-7634,,,Humber River—Black Creek,New Democratic Party of Ontario,,7474
Hon.,David,Piccini,Male ,Ministry office,"Ministry of Environment, Conservation and Parks
5th Floor
777 Bay St.
",Toronto,ON,M5B 2H7,,david.Piccini@pc.ola.org, 416-314-6790,,,,Northumberland—Peterborough South,Progressive Conservative Party of Ontario,"Minister of the Environment, Conservation and Parks",7524
Hon.,David,Piccini,Male ,Constituency office,"117 Peter St.
",Port Hope,ON,L1A 1C5,,david.Piccini@pc.ola.org,905-372-4000,905-885-0050,,,Northumberland—Peterborough South,Progressive Conservative Party of Ontario,"Minister of the Environment, Conservation and Parks",7524
,Billy,Pang,Male ,Ministry office,"Ministry of Citizenship and Multiculturalism
15th Floor
56 Wellesley St.
",Toronto,ON,M7A 1C1,,,,,,,Markham—Unionville,Progressive Conservative Party of Ontario,Parliamentary Assistant to the Minister of Citizenship and Multiculturalism,7486
,Billy,Pang,Male ,Constituency office,"Unit 602
3601 Hwy. 7 E
",Markham,ON,L3R 0M3,Billy.Pangco@pc.ola.org,,905-474-3288,905-474-2878,,,Markham—Unionville,Progressive Conservative Party of Ontario,Parliamentary Assistant to the Minister of Citizenship and Multiculturalism,7486
,Guy,Bourgouin,Male ,Constituency office,"Unit 6
631 Front St.
",Hearst,ON,P0L 1N0,,GBourgouin-QP@ndp.on.ca,705-372-6400,705-372-6440,,,Mushkegowuk—James Bay,New Democratic Party of Ontario,,7495
,Guy,Bourgouin,Male ,Constituency office,"1-2 Ash&nbsp;St.
",Kapuskasing,ON,P5N 3H4,,GBourgouin-QP@ndp.on.ca,705-335-6400  ,,,,Mushkegowuk—James Bay,New Democratic Party of Ontario,,7495
,Guy,Bourgouin,Male ,Legislative office,"Room 329
Main Legislative Building, Queen's Park
",Toronto,ON,M7A 1A5,,GBourgouin-QP@ndp.on.ca,416-326-7351,416-326-6972,,,Mushkegowuk—James Bay,New Democratic Party of Ontario,,7495
,Patrice,Barnes,Female ,Constituency office,"Suite 502
230 Westney Rd. S
",Ajax,ON,L1S 7J5,,,905-427-2060,905-427-6976,,,Ajax,Progressive Conservative Party of Ontario,Parliamentary Assistant to the Minister of Education,7584
,France,Gélinas,Female ,Constituency office,"Hanmer Valley Shopping Plaza
Suite 15
5085 Hwy. 69 N
",Hanmer,ON,P3P 1P7,gelinas-co@ndp.on.ca,,705-969-3621 ,705-969-3538  ,,,Nickel Belt,New Democratic Party of Ontario,,7090
,France,Gélinas,Female ,Legislative office,"Room 316
Main Legislative Building, Queen's Park
",Toronto,ON,M7A 1A5,gelinas-qp@ndp.on.ca,,416-325-9203,416-325-9185  ,,,Nickel Belt,New Democratic Party of Ontario,,7090
,Will,Bouma,Male ,Legislative office,"Room 267
Main Legislative Building, Queen's Park
",Toronto,ON,M7A 1A5,,will.bouma@pc.ola.org,416-325-0169,,,,Brantford—Brant,Progressive Conservative Party of Ontario,,7457
,Will,Bouma,Male ,Constituency office,"Suite 101
96 Nelson St.
",Brantford,ON,N3T 2X1,,will.bouma@pc.ola.org,519-759-0361,519-759-6439,,,Brantford—Brant,Progressive Conservative Party of Ontario,,7457
,Matthew,Rae,Male ,Ministry office,"Ministry of Education
1st Floor
400 University Ave.
",Toronto,ON,M7A 1T7,,Matthew.Rae@pc.ola.org,,,,,Perth—Wellington,Progressive Conservative Party of Ontario,Parliamentary Assistant to the Minister of Education,7608
,Matthew,Rae,Male ,Constituency office,"Unit 2
55 Lorne Ave. E
",Stratford,ON,N5A 6S4,,Matthew.Rae@pc.ola.org,519-272-0660, 519-272-1064,1-800-461-9701,,Perth—Wellington,Progressive Conservative Party of Ontario,Parliamentary Assistant to the Minister of Education,7608
Hon.,George,Pirie,Male ,Ministry office,"Ministry of&nbsp;Mines
Room 5620
5th Floor
99 Wellesley St. W
",Toronto,ON,M7A 1W3,,george.pirie@pc.ola.org,1-888-415-9845,,,,Timmins,Progressive Conservative Party of Ontario,Minister of Mines,7615
Hon.,George,Pirie,Male ,Constituency office,"Unit 1
54 Waterloo Rd.
",Timmins,ON,P4N 8P3,,george.pirie@pc.ola.org,705-268-6400,705-531-5875,,,Timmins,Progressive Conservative Party of Ontario,Minister of Mines,7615
Hon.,Michael,Parsa,Male ,Ministry office,"Ministry of&nbsp;Municipal Affairs and Housing
17th Floor
777 Bay St.
",Toronto,ON,M7A 2J3,,,416-585-6500,,,,Aurora—Oak Ridges—Richmond Hill,Progressive Conservative Party of Ontario,Associate Minister of Housing,7447
Hon.,Michael,Parsa,Male ,Constituency office,"Suite 201
13085 Yonge St.
",Richmond Hill,ON,L4E 3S8,Michael.Parsaco@pc.ola.org,,905-773-6250,905-773-8158,888-486-5352,,Aurora—Oak Ridges—Richmond Hill,Progressive Conservative Party of Ontario,Associate Minister of Housing,7447
Hon.,Peter,Bethlenfalvy,Male ,Ministry office,"Ministry of Finance
​​​​​​​Frost Building South
7th Floor
7 Queen's Park Cres.
",Toronto,ON,M7A 1Y7,,Peter.Bethlenfalvy@pc.ola.org,416-325-0400,,,,Pickering—Uxbridge,Progressive Conservative Party of Ontario,Minister of Finance,7505
Hon.,Peter,Bethlenfalvy,Male ,Constituency office,"Suite 213
1550 Kingston Rd.
",Pickering,ON,L1V 1C3,,Peter.Bethlenfalvy@pc.ola.org,905-509-0336  ,905-509-0334,1-888-444-1730,,Pickering—Uxbridge,Progressive Conservative Party of Ontario,Minister of Finance,7505
,Wayne,Gates,Male ,Constituency office,"Douglas Heights Seniors Centre
265 High St.

&nbsp;

&nbsp;
",Fort Erie,ON,L2A 3R4,WGates-CO@ndp.on.ca,,905-871-8868  ,905-871-4717 ,,,Niagara Falls,New Democratic Party of Ontario,,7244
,Wayne,Gates,Male ,Constituency office,"Unit 1
6746 Morrison St.
",Niagara Falls,ON,L2E 6Z8,WGates-CO@ndp.on.ca,,905-357-0681  ,905-357-9456  ,,,Niagara Falls,New Democratic Party of Ontario,,7244
,Wayne,Gates,Male ,Legislative office,"Room 321
Main Legislative Building, Queen's Park
",Toronto,ON,M7A 1A5,WGates-QP@ndp.on.ca,,416-212-6102 ,416-212-6106  ,,,Niagara Falls,New Democratic Party of Ontario,,7244
,Mary-Margaret,McMahon,Female ,Legislative office,"Room 156
Main Legislative Building, Queen's Park
",Toronto,ON,M7A 1A5,,,416-325-0090,,,,Beaches—East York,Ontario Liberal Party,,7585
,Mary-Margaret,McMahon,Female ,Constituency office,"1821 Danforth Ave.
",Toronto,ON,M4C 1J2,mmcmahon.mpp.co@liberal.ola.org,,416-690-1032,416-690-8420,,,Beaches—East York,Ontario Liberal Party,,7585
,Todd,McCarthy,Male ,Ministry office,"Treasury Board Secretariat
Whitney Block
Room 5340
5th Floor
99 Wellesley St. W
",Toronto,ON,M7A 1W3,,Todd.McCarthy@pc.ola.org,,,,,Durham,Progressive Conservative Party of Ontario,Parliamentary Assistant to the President of the Treasury Board,7595
,Todd,McCarthy,Male ,Constituency office,"23 King St. W
",Bowmanville,ON,L1C 1R2,,Todd.McCarthy@pc.ola.org,905-697-1501,905-697-1506,,,Durham,Progressive Conservative Party of Ontario,Parliamentary Assistant to the President of the Treasury Board,7595
,Jessica,Bell,Female ,Constituency office,"Unit 103
719 Bloor St. W
",Toronto,ON,M6G 1L5,JBell-CO@ndp.on.ca,JBell-QP@ndp.on.ca,416-535-7206,,,,University—Rosedale,New Democratic Party of Ontario,,7518
,Jessica,Bell,Female ,Legislative office,"Room 384
Main Legislative Building, Queen's Park
",Toronto,ON,M7A 1A5,,JBell-QP@ndp.on.ca,416-325-1620,416-325-1424 ,,,University—Rosedale,New Democratic Party of Ontario,,7518
,Lisa,MacLeod,Female ,Legislative office,"Room 263
Main Legislative Building, Queen's Park
",Toronto,ON,M7A 1A5,,,416-325-0119,,,,Nepean,Progressive Conservative Party of Ontario,,7042
,Lisa,MacLeod,Female ,Constituency office,"Unit 222/3
250B Greenbank Rd.
",Nepean,ON,K2H 8X4,Lisa.Macleodco@pc.ola.org,,613-823-2116 ,613-823-8284 ,,,Nepean,Progressive Conservative Party of Ontario,,7042
,Doly,Begum,Female ,Constituency office,"Unit 5A
3110 Kingston Rd.
",Scarborough,ON,M1M 1P2,DBegum-CO@ndp.on.ca,DBegum-QP@ndp.on.ca,416-261-9525,416-261-0381,,,Scarborough Southwest,New Democratic Party of Ontario,,7508
,Doly,Begum,Female ,Legislative office,"Room 202
North Wing, Main Legislative Building, Queen's Park
",Toronto,ON,M7A 1A5,,DBegum-QP@ndp.on.ca,416-325-0908,416-325-0685 ,,,Scarborough Southwest,New Democratic Party of Ontario,,7508
Hon.,Merrilee,Fullerton,Female ,Ministry office,"Ministry of Children, Community and Social Services
7th Floor
438 University Ave.
",Toronto,ON, M5G 2K8,,Merrilee.Fullerton@pc.ola.org,416-325-5225,,,,Kanata—Carleton,Progressive Conservative Party of Ontario,"Minister of Children, Community and Social Services",7475
Hon.,Merrilee,Fullerton,Female ,Constituency office,"Suite 100
240 Michael Cowpland Dr.
",Kanata,ON,K2M 1P6,Merrilee.Fullertonco@pc.ola.org,Merrilee.Fullerton@pc.ola.org,613-599-3000  ,613-599-8183  ,1-800-267-1020,,Kanata—Carleton,Progressive Conservative Party of Ontario,"Minister of Children, Community and Social Services",7475
,Bobbi Ann,Brady,Female ,Legislative office,"Room 184
Main Legislative Building, Queen's Park
",Toronto,ON,M7A 1A5,,,416-325-0027,,,,Haldimand—Norfolk,Independent,,7599
,Bobbi Ann,Brady,Female ,Constituency office,"Mailing address: P.O. Box 91
",Simcoe,ON,N3Y 4K8,,,,,,,Haldimand—Norfolk,Independent,,7599
,Bobbi Ann,Brady,Female ,Constituency office,"50B Gilbertson Dr.
",Simcoe,ON,N3Y 4L8,BABrady-CO@ola.org,,519-428-0446,519-428-0835,,,Haldimand—Norfolk,Independent,,7599
,Jennifer,French,Female ,Constituency office,"Unit 2
78 Centre St. N
",Oshawa,ON,L1G 4B6,JFrench-CO@ndp.on.ca,,905-723-2411  ,905-723-1054  ,,,Oshawa,New Democratic Party of Ontario,,7283
,Jennifer,French,Female ,Legislative office,"Room 344
Main Legislative Building, Queen's Park
",Toronto,ON,M7A 1A5,JFrench-QP@ndp.on.ca,,416-325-0117  ,416-325-0084  ,,,Oshawa,New Democratic Party of Ontario,,7283
,John,Fraser,Male ,Constituency office,"1828 Bank St.
",Ottawa,ON,K1V 7Y6,jfraser.mpp.co@liberal.ola.org,,613-736-9573  ,613-736-7374  ,,,Ottawa South,Ontario Liberal Party,,7226
,John,Fraser,Male ,Legislative office,"Room 160
Main Legislative Building, Queen's Park
",Toronto,ON,M7A 1A5,,,416-325-4670,,,,Ottawa South,Ontario Liberal Party,,7226
,Robert,Bailey,Male ,Ministry office,"Ministry of the Solicitor General
George Drew Building
18th Floor
25 Grosvenor St.
",Toronto,ON,M7A 1Y6,,Bob.Bailey@pc.ola.org,,,,,Sarnia—Lambton,Progressive Conservative Party of Ontario,Parliamentary Assistant to the Solicitor General,7086
,Robert,Bailey,Male ,Constituency office,"Suite 102
805 Christina St. N
",Point Edward,ON,N7V 1X6,Bob.Baileyco@pc.ola.org,Bob.Bailey@pc.ola.org,519-337-0051,519-337-3246,,,Sarnia—Lambton,Progressive Conservative Party of Ontario,Parliamentary Assistant to the Solicitor General,7086
,Aris,Babikian,Male ,Constituency office,"Suite 207
4002 Sheppard Ave. E
",Scarborough,ON,M1S 4R5,,Aris.Babikian@pc.ola.org,416-297-6568,416-297-4962,,,Scarborough—Agincourt,Progressive Conservative Party of Ontario,,7509
,Aris,Babikian,Male ,Legislative office,"Room 265
Main Legislative Building, Queen's Park
",Toronto,ON,M7A 1A8,,Aris.Babikian@pc.ola.org,416-326-7111,416-326-7099,,,Scarborough—Agincourt,Progressive Conservative Party of Ontario,,7509
Hon.,Doug,Ford,Male ,Constituency office,"823 Albion Rd.
",Etobicoke,ON,M9V 1A3,doug.fordco@pc.ola.org,,416-745-2859,416-745-4601  ,,,Etobicoke North,Progressive Conservative Party of Ontario,Minister of Intergovernmental Affairs; Premier,7468
Hon.,Doug,Ford,Male ,Ministry office,"Premier's Office
Room 281
Legislative Building, Queen's Park
",Toronto,ON,M7A 1A1,,,416-325-1941 ,416-325-3745,,,Etobicoke North,Progressive Conservative Party of Ontario,Minister of Intergovernmental Affairs; Premier,7468
Hon.,Michael,Kerzner,Male ,Ministry office,"Ministry of the Solicitor General
George Drew Building
18th Floor
25 Grosvenor St.
",Toronto,ON,M7A 1Y6,,Michael.Kerzner@pc.ola.org, 416-326-5000,,,,York Centre,Progressive Conservative Party of Ontario,Solicitor General,7618
Hon.,Michael,Kerzner,Male ,Constituency office,"830 Sheppard Ave. W.
",Toronto,ON,M3H 2T1,,Michael.Kerzner@pc.ola.org,416-630-0080,416-630-8828,,,York Centre,Progressive Conservative Party of Ontario,Solicitor General,7618
,Ted,Hsu,Male ,Constituency office,"Unit 403
837 Princess Street
",Kingston,ON,K7L 1G8,thsu.mpp.co@liberal.ola.org,,613-547-2385,613-547-5001,,,Kingston and the Islands,Ontario Liberal Party,,7602
,Ted,Hsu,Male ,Legislative office,"Room 159
Main Legislative Building, Queen's Park
",Toronto,ON,M7A 1A5,,,416-325-0051,,,,Kingston and the Islands,Ontario Liberal Party,,7602
,Sam,Oosterhoff,Male ,Ministry office,"Ministry of Red Tape Reduction
7th Floor
56 Wellesley St. W
",Toronto,ON,M7A 2E7,,Sam.Oosterhoff@pc.ola.org,,,,,Niagara West,Progressive Conservative Party of Ontario,Parliamentary Assistant to the Minister of Red Tape Reduction,7405
,Sam,Oosterhoff,Male ,Constituency office,"Unit M1
4961 King St. E
",Beamsville,ON,L0R 1B0,Sam.Oosterhoffco@pc.ola.org,Sam.Oosterhoff@pc.ola.org,905-563-1755,905-563-1317,,,Niagara West,Progressive Conservative Party of Ontario,Parliamentary Assistant to the Minister of Red Tape Reduction,7405
Hon.,Ted,Arnott,Male ,Constituency office,"2nd Floor
181 St. Andrew St. E
",Fergus,ON,N1M 1P9,ted.arnottco@pc.ola.org,ted.arnott@pc.ola.org,519-787-5247 ,519-787-5249,1-800-265-2366,,Wellington—Halton Hills,Progressive Conservative Party of Ontario,,2
Hon.,Ted,Arnott,Male ,Legislative office,"Room 180
Main Legislative Building, Queen's Park
",Toronto,ON,M7A 1A2,,ted.arnott@pc.ola.org,416-325-3880,416-325-6649  ,,,Wellington—Halton Hills,Progressive Conservative Party of Ontario,,2
,Teresa,Armstrong,Female ,Constituency office,"155 Clarke Rd.
",London,ON,N5W 5C9,Tarmstrong-CO@ndp.on.ca,,519-668-1104  ,519-668-1941 ,,,London—Fanshawe,New Democratic Party of Ontario,,7183
,Teresa,Armstrong,Female ,Legislative office,"Room 341
Main Legislative Building, Queen's Park
",Toronto,ON,M7A 1A5,TArmstrong-QP@ndp.on.ca,,416-325-1872 ,416-325-1912,,,London—Fanshawe,New Democratic Party of Ontario,,7183
,Jill,Andrew,Female ,Constituency office,"803 St. Clair Ave. W
",Toronto,ON,M6C 1B9,JAndrew-CO@ndp.on.ca,JAndrew-QP@ndp.on.ca,416-656-0943  ,416-656-0875  ,,,Toronto—St. Paul's,New Democratic Party of Ontario,,7517
,Jill,Andrew,Female ,Legislative office,"Room 363
Main Legislative Building, Queen's Park
",Toronto,ON,M7A 1A5,,JAndrew-QP@ndp.on.ca,416-325-0071,416-325-4728,,,Toronto—St. Paul's,New Democratic Party of Ontario,,7517
,Deepak,Anand,Male ,Ministry office,"Ministry of Labour, Immigration, Training and Skills Development
1st Floor
400 University Ave.
",Toronto,ON,M7A 1T7,,Deepak.anandco@pc.ola.org,,,,,Mississauga—Malton,Progressive Conservative Party of Ontario,"Parliamentary Assistant to the Minister of Labour, Immigration, Training and Skills Development",7493
,Deepak,Anand,Male ,Constituency office,"Unit 11
7895 Tranmere Dr.
",Mississauga,ON,L5S 1V9,,Deepak.anandco@pc.ola.org,905-696-0367,905-696-7545 ,,,Mississauga—Malton,Progressive Conservative Party of Ontario,"Parliamentary Assistant to the Minister of Labour, Immigration, Training and Skills Development",7493
